{"cameraMode":{"drawMode":0,"name":"Shaded","section":"Shading Mode"},"sceneLighting":false,"audioPlay":false,"sceneViewState":{"m_AlwaysRefresh":false,"showFog":true,"showSkybox":false,"showFlares":true,"showImageEffects":true,"showParticleSystems":true,"showVisualEffectGraphs":true,"m_FxEnabled":true},"in2DMode":false,"pivot":{"x":14.321000099182129,"y":16.118173599243165,"z":-12.008342742919922},"rotation":{"x":0.09578196704387665,"y":0.6270551085472107,"z":-0.07809104025363922,"w":0.7691114544868469},"size":3.968367338180542,"orthographic":true}