{"cameraMode":{"drawMode":0,"name":"Shaded","section":"Shading Mode"},"sceneLighting":false,"audioPlay":false,"sceneViewState":{"m_AlwaysRefresh":false,"showFog":true,"showSkybox":false,"showFlares":true,"showImageEffects":true,"showParticleSystems":true,"showVisualEffectGraphs":true,"m_FxEnabled":true},"in2DMode":false,"pivot":{"x":8.632028579711914,"y":3.1349074840545656,"z":-4.962073802947998},"rotation":{"x":-0.16946129500865937,"y":-0.03753702715039253,"z":0.006456056144088507,"w":-0.9848576188087463},"size":0.7686330080032349,"orthographic":true}