{"cameraMode":{"drawMode":0,"name":"Shaded","section":"Shading Mode"},"sceneLighting":false,"audioPlay":false,"sceneViewState":{"m_AlwaysRefresh":false,"showFog":true,"showSkybox":false,"showFlares":true,"showImageEffects":true,"showParticleSystems":true,"showVisualEffectGraphs":true,"m_FxEnabled":true},"in2DMode":false,"pivot":{"x":8.632028579711914,"y":3.1349074840545656,"z":-4.962073802947998},"rotation":{"x":-0.10565059632062912,"y":0.03221907839179039,"z":-0.003427748801186681,"w":-0.993931770324707},"size":0.7686330080032349,"orthographic":true}