{"cameraMode":{"drawMode":0,"name":"Shaded","section":"Shading Mode"},"sceneLighting":false,"audioPlay":false,"sceneViewState":{"m_AlwaysRefresh":false,"showFog":true,"showSkybox":false,"showFlares":true,"showImageEffects":true,"showParticleSystems":true,"showVisualEffectGraphs":true,"m_FxEnabled":true},"in2DMode":false,"pivot":{"x":4.578000068664551,"y":3.1470000743865969,"z":-2.8499999046325685},"rotation":{"x":0.1349162757396698,"y":0.32632991671562197,"z":-0.04711821302771568,"w":0.9343926906585693},"size":0.4728606641292572,"orthographic":true}