{"cameraMode":{"drawMode":0,"name":"Shaded","section":"Shading Mode"},"sceneLighting":false,"audioPlay":false,"sceneViewState":{"m_AlwaysRefresh":false,"showFog":true,"showSkybox":false,"showFlares":true,"showImageEffects":true,"showParticleSystems":true,"showVisualEffectGraphs":true,"m_FxEnabled":true},"in2DMode":false,"pivot":{"x":4.578000068664551,"y":3.1470000743865969,"z":-2.8499999046325685},"rotation":{"x":0.005032524932175875,"y":0.16366559267044068,"z":0.0008347659022547305,"w":-0.9865036010742188},"size":4.463380336761475,"orthographic":true}